[{"rel":"assets/menu.html","uuid":"e18b89c6-a68d-4c7c-9228-3eff91f0962c"},{"rel":"assets/Standard/","uuid":"6c14d6be-9864-408b-a13f-c6941e3659ab"},{"rel":"assets/Standard/Materials/","uuid":"c24fbe96-3e5a-42a4-b9d7-036363b63cae"},{"rel":"assets/Standard/Materials/Black.mat","uuid":"bbca957d-bd00-4c84-97e5-8a32c5353b45"},{"rel":"assets/Standard/Materials/Yellow.mat","uuid":"848e64ca-8ce5-41c5-878b-d0cec9a2b571"},{"rel":"assets/Standard/Materials/Pink.mat","uuid":"dc97c18c-a9a2-4a05-9de6-f263384b1f53"},{"rel":"assets/Standard/Materials/Blue.mat","uuid":"58249fd2-9273-435d-9419-880f7aee4854"},{"rel":"assets/Standard/Materials/Metal.mat","uuid":"2452d343-1124-4604-9ec0-8b2527090fe5"},{"rel":"assets/Standard/Materials/Gray.mat","uuid":"39beb6fb-34aa-486a-83a0-6efd420c41fb"},{"rel":"assets/Standard/Materials/Default.mat","uuid":"d4c8a4aa-2e2d-45b8-ab3a-06fe9383ff71"},{"rel":"assets/Standard/Materials/Aqua.mat","uuid":"1368284a-c901-4da2-b6df-ed4ab232eebc"},{"rel":"assets/Standard/Materials/White.mat","uuid":"868ac667-4571-4fe7-bd30-f737d6e2fbaa"},{"rel":"assets/Standard/Materials/Purple.mat","uuid":"5f93d057-1b3a-4f2a-83a6-4d72ab38c669"},{"rel":"assets/Standard/Materials/Red.mat","uuid":"d81e23bd-1774-42ec-8e73-4828c57231d6"},{"rel":"assets/Standard/Materials/Gold.mat","uuid":"625b2061-b61c-4b61-a944-a88ca783fb3f"},{"rel":"assets/Standard/Materials/Charcoal.mat","uuid":"d5a915ad-3b2d-41a9-b644-15458fb1f2ef"},{"rel":"assets/Standard/Materials/Brown.mat","uuid":"ca528774-8bb0-4e44-a2d8-c0a60e7182f8"},{"rel":"assets/Standard/Materials/__Editor/","uuid":"33e3c730-ac18-4d46-afe1-078c05236d64"},{"rel":"assets/Standard/Materials/__Editor/GizmoLight3D.mat","uuid":"cb8340f3-c666-428d-8941-1f24735c88ac"},{"rel":"assets/Standard/Materials/__Editor/Gizmo3D.mat","uuid":"a12f7164-433c-4f62-9294-57ca3117d4aa"},{"rel":"assets/Standard/Materials/Silver.mat","uuid":"3a25df1c-062f-4455-bc30-ac46c9f26348"},{"rel":"assets/Standard/Materials/Green.mat","uuid":"45b07c36-67cd-402e-8422-22728c7aa259"},{"rel":"assets/Standard/Models/","uuid":"6181b947-97bd-41a3-84ee-e53ec1193620"},{"rel":"assets/Standard/Models/Cube.glb","uuid":"d7fc08ee-ed32-4d1f-955c-21e2a6022428"},{"rel":"assets/Standard/Models/__Editor/","uuid":"1b3f3e00-147a-468c-a329-33a663cbb11b"},{"rel":"assets/Standard/Models/__Editor/Light.glb","uuid":"8444144b-3478-4db3-9d03-811ee18d7d02"},{"rel":"assets/Standard/Models/__Editor/Camera.glb","uuid":"d86a8e2c-d4b4-4872-a830-19ac7c62ebdf"}]